,authors,source.title,title,removeReason,Further classification for removals due to IC3
1,"Wernick P., Hall T.","IEEE International Conference on Software Maintenance, ICSM",The impact of using pair programming on system evolution: A simulation-based study,IC2 - Not focusing on any of the Agile Iterative Development,
2,"Saracoglu B.O., Gozlu S.",Portland International Conference on Management of Engineering and Technology,Identification of technology performance criteria for CAD/CAM/CAE/CIM/CAL in shipbuilding industry,IC2 - Not focusing on any of the Agile Iterative Development,
3,"Sillitti A., Succi G., De Panfilis S.",Journal of Systems Architecture,Managing non-invasive measurement tools,IC2 - Not focusing on any of the Agile Iterative Development,
4,"Krishnan R,Krishna SM,Bharill N",SIGSOFT Softw. Eng. Notes,Code Quality Tools: Learning from Our Experience,IC2 - Not focusing on any of the Agile Iterative Development,
5,"Zunino III J.L., Skelton D.R.",Proceedings of SPIE - The International Society for Optical Engineering,MEMS reliability assessment program - Progress to date,IC2 - Not focusing on any of the Agile Iterative Development,
6,"Zunino III J.L., Skelton D.R.",Proceedings of SPIE - The International Society for Optical Engineering,U.S. Army Corrosion Office's storage and quality requirements for military MEMS program,IC2 - Not focusing on any of the Agile Iterative Development,
7,"Zunino III J.L., Skelton D.R.","Proceedings - 2008 International Symposium on Microelectronics, IMAPS 2008","Assessment of the impacts of packaging, long-term storage, and transportation on military MEMS",IC2 - Not focusing on any of the Agile Iterative Development,
8,Divy Prakash Shrivastava; R. V. Lakshminarayan; S. V. S. L. Sujatha,2010 2nd International Conference on Computer Technology and Development,New engineering technique of software development,IC2 - Not focusing on any of the Agile Iterative Development,
9,A. Nosseir; D. Flood; R. Harrison; O. Ibrahim,2012 Seventh International Conference on Computer Engineering & Systems (ICCES),Mobile Development Process Spiral,IC2 - Not focusing on any of the Agile Iterative Development,
10,A. A. Lorber; K. D. Mish,2013 Agile Conference,How We Successfully Adapted Agile for a Research-Heavy Engineering Software Team,IC2 - Not focusing on any of the Agile Iterative Development,
11,"Cutright D,Gopalakrishnan M,Sathiaseelan V,Lurie RH",Medical Physics,SU-E-T-261: Dosimetric Characterization and Comparison of the Elekta Agility and MLCi2 Multi-Leaf Collimator Heads,IC2 - Not focusing on any of the Agile Iterative Development,
12,"Girard F,Hinse M",Medical Physics,SU-E-T-573: Philips Pinnacle Photon Beam Modeling for Elekta Agility 160 Leaf Multi-Leaf Collimator,IC2 - Not focusing on any of the Agile Iterative Development,
13,H. Shen; Y. Xu; C. Remeikas,2013 American Control Conference,Hardware design and validation of pitching control for micro air vehicles using only pressure information,IC2 - Not focusing on any of the Agile Iterative Development,
14,"Mahmoud S.S., Ahmad I.",International Journal of Software Engineering and its Applications,A green model for sustainable software engineering,IC2 - Not focusing on any of the Agile Iterative Development,
15,"Eldred M.E., Orangi A., Al-Emadi A.A., Ahmad A.A., O'Reilly T.J., Barghouti N.",Society of Petroleum Engineers - SPE Intelligent Energy International 2014,Reservoir simulations in a high performance cloud computing environment,IC2 - Not focusing on any of the Agile Iterative Development,
16,"Fursin G., Miceli R., Lokhmotov A., Gerndt M., Baboulin M., Malony A.D., Chamski Z., Novillo D., Del Vento D.",Scientific Programming,Collective mind: Towards practical and collaborative auto-tuning,IC2 - Not focusing on any of the Agile Iterative Development,
17,J. P. La Torre; M. J. Amin; M. Magno; N. A. Riza,2014 6th European Embedded Design in Education and Research Conference (EDERC),An embedded smart agile pixel imager for lasers,IC2 - Not focusing on any of the Agile Iterative Development,
18,S. Goswami; H. Kim; J. L. Dawson,IEEE Journal of Solid-State Circuits,A Frequency-Agile RF Frontend Architecture for Multi-Band TDD Applications,IC2 - Not focusing on any of the Agile Iterative Development,
19,"Jackson S,Ellis H",SIGCAS Comput. Soc.,Supporting HFOSS Using Scrum in a Capstone Course,IC2 - Not focusing on any of the Agile Iterative Development,
20,"Kamerling CP,Fast MF,Ziegenhein P,Menten MJ,Nill S,Oelfke U",Medical Physics,TH-AB-303-06: Real-Time 4D Dose Reconstruction for Tracked Dynamic MLC Deliveries in the Presence of Respiratory Motion,IC2 - Not focusing on any of the Agile Iterative Development,
21,M. A. Day; M. R. Clement; J. D. Russo; D. Davis; T. H. Chung,2015 International Conference on Unmanned Aircraft Systems (ICUAS),Multi-UAV software systems and simulation architecture,IC2 - Not focusing on any of the Agile Iterative Development,
22,A. Ghosh; V. Patel; M. A. Powers,"2016 IEEE International Conference on Acoustics, Speech and Signal Processing (ICASSP)",Computational agile beam ladar imaging,IC2 - Not focusing on any of the Agile Iterative Development,
23,"Kamerling CP,Fast MF,Ziegenhein P,Menten MJ,Nill S,Oelfke U",Medical Physics,Real-time 4D dose reconstruction for tracked dynamic MLC deliveries for lung SBRT,IC2 - Not focusing on any of the Agile Iterative Development,
24,M. Neunert; M. Bloesch; J. Buchli,2016 19th International Conference on Information Fusion (FUSION),"An open source, fiducial based, visual-inertial motion capture system",IC2 - Not focusing on any of the Agile Iterative Development,
25,"Adami D., Martini B., Sgambelluri A., Donatini L., Gharbaoui M., Castoldi P., Giordano S.",Transactions on Emerging Telecommunications Technologies,An SDN orchestrator for cloud data center: System design and experimental evaluation,IC2 - Not focusing on any of the Agile Iterative Development,
26,"Bogner J,Wagner S,Zimmermann A",Proceedings of the 27th International Workshop on Software Measurement and 12th International Conference on Software Process and Product Measurement,Automatically Measuring the Maintainability of Service- and Microservice-Based Systems: A Literature Review,IC2 - Not focusing on any of the Agile Iterative Development,
27,"Bogner J., Wagner S., Zimmermann A.",ACM International Conference Proceeding Series,Automatically measuring the maintainability of service- and microservice-based systems - a literature review,IC2 - Not focusing on any of the Agile Iterative Development,
28,E. Unal; S. Sen-Baidya; R. Hewett,2018 IEEE International Conference on Big Data (Big Data),Towards Prediction of Security Attacks on Software Defined Networks: A Big Data Analytic Approach,IC2 - Not focusing on any of the Agile Iterative Development,
29,"Lee Y.W., Mehndiratta M., Kayacan E.",Proceedings of the International Conference on Progress in Additive Manufacturing,Fly without borders with additive manufacturing: A microscale tilt-rotor tricopter design,IC2 - Not focusing on any of the Agile Iterative Development,
30,"Licorish S.A., MacDonell S.G.",Information and Software Technology,"Exploring the links between software development task type, team attitudes and task completion performance: Insights from the Jazz repository",IC2 - Not focusing on any of the Agile Iterative Development,
31,M. V. Garc√≠a; E. Irisarri; F. P√©rez; M. Marcos; E. Estevez,2018 14th IEEE International Workshop on Factory Communication Systems (WFCS),From ISA 88/95 meta-models to an OPC UA-based development tool for CPPS under IEC 61499,IC2 - Not focusing on any of the Agile Iterative Development,
32,"Nag S., Li A.S., Merrick J.H.",Advances in Space Research,Scheduling algorithms for rapid imaging using agile Cubesat constellations,IC2 - Not focusing on any of the Agile Iterative Development,
33,R. Norman; J. Bolin; E. T. Powell; S. Amin; J. Nacker,2018 IEEE International Conference on Big Data (Big Data),Using Big Data Analytics to Create a Predictive Model for Joint Strike Fighter,IC2 - Not focusing on any of the Agile Iterative Development,
34,U. D. Ferrell,2018 IEEE/AIAA 37th Digital Avionics Systems Conference (DASC),"Mindful Application of Standards for Avionics - An Intentional, Systematic, and Measurable Transformation",IC2 - Not focusing on any of the Agile Iterative Development,
35,D. A. Wassie; I. Rodriguez; G. Berardinelli; F. M. L. Tavares; T. B. S√∏rensen; T. L. Hansen; P. Mogensen,IEEE Access,An Agile Multi-Node Multi-Antenna Wireless Channel Sounding System,IC2 - Not focusing on any of the Agile Iterative Development,
36,"Hughes S., Diggins D., Cerchio S., Bennett A.","OCEANS 2019 - Marseille, OCEANS Marseille 2019",Morphometric measurements of Omura's whales using consumer grade sUASs: A methodological study,IC2 - Not focusing on any of the Agile Iterative Development,
37,M. A. A. Careem; J. Gomez; D. Saha; A. Dutta,"2019 16th Annual IEEE International Conference on Sensing, Communication, and Networking (SECON)",HiPER-V: A High Precision Radio Frequency Vehicle for Aerial Measurements,IC2 - Not focusing on any of the Agile Iterative Development,
38,M. Cojocaru; A. Uta; A. Oprescu,2019 18th International Symposium on Parallel and Distributed Computing (ISPDC),Attributes Assessing the Quality of Microservices Automatically Decomposed from Monolithic Applications,IC2 - Not focusing on any of the Agile Iterative Development,
39,M. Rigter; B. Morrell; R. G. Reid; G. B. Merewether; T. Tzanetos; V. Rajur; K. Wong; L. H. Matthies,2019 IEEE/RSJ International Conference on Intelligent Robots and Systems (IROS),An Autonomous Quadrotor System for Robust High-Speed Flight Through Cluttered Environments Without GPS,IC2 - Not focusing on any of the Agile Iterative Development,
40,"Peeters A., Carling C., Piscione J., Lacome M.",Journal of Sports Science and Medicine,In-match physical performance fluctuations in international rugby sevens competition,IC2 - Not focusing on any of the Agile Iterative Development,
41,Q. Luo; K. Moran; L. Zhang; D. Poshyvanyk,IEEE Transactions on Software Engineering,How Do Static and Dynamic Test Case Prioritization Techniques Perform on Modern Software Systems? An Extensive Study on GitHub Projects,IC2 - Not focusing on any of the Agile Iterative Development,
42,S. Hughes; D. Diggins; S. Cerchio; A. Bennett,OCEANS 2019 - Marseille,Morphometric measurements of Omura‚s whales using consumer grade sUASs: a methodological study,IC2 - Not focusing on any of the Agile Iterative Development,
43,"Behera R.K., Bala P.K., Jain R.",Benchmarking,A rule-based automated machine learning approach in the evaluation of recommender engine,IC2 - Not focusing on any of the Agile Iterative Development,
44,"Gilson F., Morales-Trujillo M., Mathews M.","Proceedings - 2020 IEEE/ACM International Conference on Technical Debt, TechDebt 2020",How junior developers deal with their technical debt?,IC2 - Not focusing on any of the Agile Iterative Development,
45,J. A. Yoder; S. Chenoweth,2020 IEEE 32nd Conference on Software Engineering Education and Training (CSEE&T),Reflection for Recovery: Exam Wrappers in an Object-Oriented Software Development Course Help Struggling Students Improve Future Exam Scores,IC2 - Not focusing on any of the Agile Iterative Development,
46,K. Pinover; E. Ferguson; D. Bindschadler; K. Schimmels,2020 IEEE Aerospace Conference,"The Reference Activity Plan: Collaborative, Agile Planning for NASA's Europa Clipper Mission",IC2 - Not focusing on any of the Agile Iterative Development,
47,R. A. Martin,2020 IEEE Systems Security Symposium (SSS),Visibility & Control: Addressing Supply Chain Challenges to Trustworthy Software-Enabled Things,IC2 - Not focusing on any of the Agile Iterative Development,
48,"Spengler H., Lang C., Mahapatra T., Gatz I., Kuhn K.A., Prasser F.",JMIR Medical Informatics,Enabling agile clinical and translational data warehousing: Platform development and evaluation,IC2 - Not focusing on any of the Agile Iterative Development,
49,T. Sorensen; A. Manocha; E. Tureci; M. Orenes-Vera; J. L. Arag√≥n; M. Martonosi,2020 IEEE/ACM International Conference On Computer Aided Design (ICCAD),A Simulator and Compiler Framework for Agile Hardware-Software Co-design Evaluation and Exploration,IC2 - Not focusing on any of the Agile Iterative Development,
50,A. Gupta; S. Soni; D. Ghosh; S. K. Muthukumar; K. Narayanan,"2021 IEEE International Conference on Electronics, Computing and Communication Technologies (CONECCT)","A Fully Integrated, High Speed, Motion Controller Hardware Accelerator for Autonomous Systems",IC2 - Not focusing on any of the Agile Iterative Development,
51,G. Moser; R. Vallon; M. Bernhart; T. Grechenig,2021 IEEE Global Engineering Education Conference (EDUCON),Teaching Software Quality Assurance with Gamification and Continuous Feedback Techniques,IC2 - Not focusing on any of the Agile Iterative Development,
52,"Letortu P., Taouki R., Jaud M., Costa S., Maquaire O., Delacourt C.",International Journal of Remote Sensing,Three-dimensional (3D) reconstructions of the coastal cliff face in Normandy (France) based on oblique Pl√©iades imagery: assessment of Ames Stereo Pipeline¬Æ (ASP¬Æ) and MicMac¬Æ processing chains,IC2 - Not focusing on any of the Agile Iterative Development,
53,"Mu√±oz M., Negrete M., Arcilla-Cobi√°n M.",Journal of Universal Computer Science,Using a platform based on the basic profile of iso/iec 29110 to reinforce devops environments,IC2 - Not focusing on any of the Agile Iterative Development,
54,N. Bruschi; G. Haugou; G. Tagliavini; F. Conti; L. Benini; D. Rossi,2021 IEEE 39th International Conference on Computer Design (ICCD),"GVSoC: A Highly Configurable, Fast and Accurate Full-Platform Simulator for RISC-V based IoT Processors",IC2 - Not focusing on any of the Agile Iterative Development,
55,"Noel R., Ruiz M., Panach I., Pastor O.",CEUR Workshop Proceedings,Beyond Conventional Model-Driven Development: From Strategy to Code,IC2 - Not focusing on any of the Agile Iterative Development,
56,S. Stukes; M. Allan; G. Bajjalieh; M. Deans; T. Fong; J. Hihn; H. Utz,2021 IEEE Aerospace Conference (50100),An Innovative Approach to Modeling VIPER Rover Software Life Cycle Cost,IC2 - Not focusing on any of the Agile Iterative Development,
57,"Salimov R., Torres J., Al Katheeri Y., Alhammadi Y., Abdelrahman A.",Proceedings of the SPE/IADC Middle East Drilling Technology Conference and Exhibition,Automation of formation tops estimation dramatically reduces well planning process duration,IC2 - Not focusing on any of the Agile Iterative Development,
58,"Bjarnason E., Gislason Bern B., Svedberg L.",Empirical Software Engineering,Inter-team communication in large-scale co-located software engineering: a case study,IC2 - Not focusing on any of the Agile Iterative Development,
59,"Altuwaijri F,Ferrario MA",2021 2nd European Symposium on Software Engineering,A Framework for the Adoption of Agile within Software SMEs in Saudi Arabia,IC3 - Not investigating the reasons for inaccurate estimations OR Not proposing an approach to improve the effort estimation accuracy,Not related to effort estimation (adoption)
60,"Silva M,Freire A,Perkusich M,Albuquerque D,Guimaraes E,Almeida H,Perkusich A,Gorg√¥nio K",Proceedings of the 36th Annual ACM Symposium on Applied Computing,Measuring Agile Teamwork: A Comparative Analysis between Two Models,IC3 - Not investigating the reasons for inaccurate estimations OR Not proposing an approach to improve the effort estimation accuracy,Not related to effort estimation (evaluation of development practice)
61,"Pai A., Joshi G., Rane S.",International Journal of Systems Assurance Engineering and Management,Multi-response optimization based on desirability function and Taguchi method in agile software development,IC3 - Not investigating the reasons for inaccurate estimations OR Not proposing an approach to improve the effort estimation accuracy,not related to effort estimation (evaluating the affect of factor change on number of defects and time to resolve bug)
62,E. Kula; A. v. Deursen; G. Gousios,2021 36th IEEE/ACM International Conference on Automated Software Engineering (ASE),Modeling Team Dynamics for the Characterization and Prediction of Delays in User Stories,IC3 - Not investigating the reasons for inaccurate estimations OR Not proposing an approach to improve the effort estimation accuracy,Not related to effort estimation (predicting delay)
63,A. Altaleb; M. Altherwi; A. Gravell,2020 9th International Conference on Industrial Technology and Management (ICITM),An Industrial Investigation into Effort Estimation Predictors for Mobile App Development in Agile Processes,IC3 - Not investigating the reasons for inaccurate estimations OR Not proposing an approach to improve the effort estimation accuracy,"Only investigate the estimation factors, not reasons for inaccurate estimations."
64,"Tanveer B., Guzm√°n L., Engel U.M.",Journal of Software: Evolution and Process,Effort estimation in agile software development: Case study and improvement framework,IC3 - Not investigating the reasons for inaccurate estimations OR Not proposing an approach to improve the effort estimation accuracy,"Only investigate the estimation factors, not reasons for inaccurate estimations."
65,Lenarduzzi V.,"7th International Workshop on Social Software Engineering, SSE 2015 - Proceedings",Could social factors influence the effort software estimation?,IC3 - Not investigating the reasons for inaccurate estimations OR Not proposing an approach to improve the effort estimation accuracy,"Only investigate the estimation factors, not reasons for inaccurate estimations."
66,"Tanveer B,Guzm√°n L,Engel UM",Proceedings of the International Conference on Software and Systems Process,Understanding and Improving Effort Estimation in Agile Software Development: An Industrial Case Study,IC3 - Not investigating the reasons for inaccurate estimations OR Not proposing an approach to improve the effort estimation accuracy,"Only investigate the estimation factors, not reasons for inaccurate estimations."
67,"Logue K., McDaid K.","Proceedings - Fifteenth IEEE International Conference and Workshops on the Engineering of Computer-Based Systems, ECBS 2008",Agile release planning: Dealing with uncertainty in development time and business value,IC3 - Not investigating the reasons for inaccurate estimations OR Not proposing an approach to improve the effort estimation accuracy,Focus on release planning (Agile planning)
68,K. Logue; K. McDaid,Agile 2008 Conference,Handling Uncertainty in Agile Requirement Prioritization and Scheduling Using Statistical Simulation,IC3 - Not investigating the reasons for inaccurate estimations OR Not proposing an approach to improve the effort estimation accuracy,Not related to effort estimation (handling uncertainty for release planning)
69,A. Ramirez-Noriega; R. Juarez-Ramirez; R. Navarro; J. Lopez-Martinez,2016 4th International Conference in Software Engineering Research and Innovation (CONISOFT),Using Bayesian Networks to Obtain the Task's Parameters for Schedule Planning in Scrum,IC3 - Not investigating the reasons for inaccurate estimations OR Not proposing an approach to improve the effort estimation accuracy,Not proposing new technique to estimate effort or identifying cause of inaccurate estimation (Task prioritization)
70,"Benedicenti L,Wang VW,Lee P,Paranjape R",SIGAPP Appl. Comput. Rev.,Establishing Quality Control in Software Agents,IC3 - Not investigating the reasons for inaccurate estimations OR Not proposing an approach to improve the effort estimation accuracy,Not related to effort estimation (software quality)
71,"Osterweil LJ,Kruchten P,Fowler M,Sch√§fer W",Proceedings of the 24th International Conference on Software Engineering,Lightweight vs. Heavyweight Processes: Is This Even the Right Question?,IC3 - Not investigating the reasons for inaccurate estimations OR Not proposing an approach to improve the effort estimation accuracy,Not related to effort estimation (development practice)
72,Abrahamsson,2003 Proceedings 29th Euromicro Conference,Extreme programming: first results from a controlled case study,IC3 - Not investigating the reasons for inaccurate estimations OR Not proposing an approach to improve the effort estimation accuracy,Not related to effort estimation (development practice)
73,B. Boehm; R. Turner,"Proceedings of the Agile Development Conference, 2003. ADC 2003",Observations on balancing discipline and agility,IC3 - Not investigating the reasons for inaccurate estimations OR Not proposing an approach to improve the effort estimation accuracy,Not related to effort estimation (development practice)
74,"M√ºller MM,Padberg F",Proceedings of the 9th European Software Engineering Conference Held Jointly with 11th ACM SIGSOFT International Symposium on Foundations of Software Engineering,On the Economic Evaluation of XP Projects,IC3 - Not investigating the reasons for inaccurate estimations OR Not proposing an approach to improve the effort estimation accuracy,"Not related to effort estimation (development practice)
"
75,"Sillitti A,Russo B,Zuliani P,Succi G",Proceedings of the 2004 Workshop on Quantitative Techniques for Software Agile Process,"Deploying, Updating, and Managing Tools for Collecting Software Metrics",IC3 - Not investigating the reasons for inaccurate estimations OR Not proposing an approach to improve the effort estimation accuracy,Not related to effort estimation (data collection)
76,F. Padberg; M. M. Muller,11th Asia-Pacific Software Engineering Conference,Modeling the impact of a learning phase on the business value of a pair programming project,IC3 - Not investigating the reasons for inaccurate estimations OR Not proposing an approach to improve the effort estimation accuracy,Not related to effort estimation (development practice)
77,"Xiaohu Y., Bin X., Zhijun H., Maddineni S.R.",Canadian Conference on Electrical and Computer Engineering,Extreme programming in global software development,IC3 - Not investigating the reasons for inaccurate estimations OR Not proposing an approach to improve the effort estimation accuracy,"Not related to effort estimation (development practice)
"
78,M. Davidsson; J. Zheng; Nachiappan Nagappan; L. Williams; M. Vouk,15th International Symposium on Software Reliability Engineering,GERT: an empirical reliability estimation and testing feedback tool,IC3 - Not investigating the reasons for inaccurate estimations OR Not proposing an approach to improve the effort estimation accuracy,Not related to effort estimation (software testing)
79,D. Dalcher; O. Benediktsson; H. Thorbergsson,12th IEEE International Conference and Workshops on the Engineering of Computer-Based Systems (ECBS'05),Development life cycle management: a multiproject experiment,IC3 - Not investigating the reasons for inaccurate estimations OR Not proposing an approach to improve the effort estimation accuracy,Not related to effort estimation (development practice)
80,Van Schooenderwoert N.,"Proceedings - AGILE Conference, 2006",Embedded agile project by the numbers with newbies,IC3 - Not investigating the reasons for inaccurate estimations OR Not proposing an approach to improve the effort estimation accuracy,Not related to effort estimation (development practice and adoption)
81,"Benediktsson O., Dalcher D., Thorbergsson H.",IEE Proceedings: Software,Comparison of software development life cycles: A multiproject experiment,IC3 - Not investigating the reasons for inaccurate estimations OR Not proposing an approach to improve the effort estimation accuracy,Not related to effort estimation (development practice)
82,J. G. A. Oliveira Basto da Silva; P. Rupino da Cunha,Proceedings of the 39th Annual Hawaii International Conference on System Sciences (HICSS'06),Reconciling the Irreconcilable? A Software Development Approach that Combines Agile with Formal,IC3 - Not investigating the reasons for inaccurate estimations OR Not proposing an approach to improve the effort estimation accuracy,Not related to effort estimation (requirements engineering)
83,Y. Khramov,AGILE 2006 (AGILE'06),The cost of code quality,IC3 - Not investigating the reasons for inaccurate estimations OR Not proposing an approach to improve the effort estimation accuracy,Not related to effort estimation (software quality)
84,K. Molokken-Ostvold; K. M. Furulund,Agile 2007 (AGILE 2007),The Relationship between Customer Collaboration and Software Project Overruns,IC3 - Not investigating the reasons for inaccurate estimations OR Not proposing an approach to improve the effort estimation accuracy,Not related to effort estimation (role of customer)
85,B. Far,2007 Canadian Conference on Electrical and Computer Engineering,Software Reliability Engineering for Agile Software Development,IC3 - Not investigating the reasons for inaccurate estimations OR Not proposing an approach to improve the effort estimation accuracy,Not related to effort estimation (software quality)
86,Y. Jun,2007 International Conference on Machine Learning and Cybernetics,Towards Adaptive Project Tracking using Individual Productivity Metrics,IC3 - Not investigating the reasons for inaccurate estimations OR Not proposing an approach to improve the effort estimation accuracy,Not related to effort estimation (software quality)
87,"Mafakheri F., Nasiri F., Mousavi M.",Production Planning and Control,Project agility assessment: An integrated decision analysis approach,IC3 - Not investigating the reasons for inaccurate estimations OR Not proposing an approach to improve the effort estimation accuracy,Not related to effort estimation (development practice)
88,D. Port; A. Olkov; T. Menzies,2008 23rd IEEE/ACM International Conference on Automated Software Engineering,Using Simulation to Investigate Requirements Prioritization Strategies,IC3 - Not investigating the reasons for inaccurate estimations OR Not proposing an approach to improve the effort estimation accuracy,Not related to effort estimation (requirements prioritization)
89,"Fujiwara T., Yamada S.",Proceedings - 14th ISSAT International Conference on Reliability and Quality in Design,Software reliability assessment based on agile software development metrics,IC3 - Not investigating the reasons for inaccurate estimations OR Not proposing an approach to improve the effort estimation accuracy,Not related to effort estimation (software quality)
90,"Olague H.M., Etzkorn L.H., Messimer S.L., Delugach H.S.",Journal of Software Maintenance and Evolution,"An empirical validation of object-oriented class complexity metrics and their ability to predict error-prone classes in highly iterative, or agile, software: A case study",IC3 - Not investigating the reasons for inaccurate estimations OR Not proposing an approach to improve the effort estimation accuracy,Not related to effort estimation (software quality)
91,N. Ramasubbu; R. K. Balan,2009 IEEE 31st International Conference on Software Engineering,The impact of process choice in high maturity environments: An empirical analysis,IC3 - Not investigating the reasons for inaccurate estimations OR Not proposing an approach to improve the effort estimation accuracy,Not related to effort estimation (project/team performance)
92,G. R. N.,2009 WRI World Congress on Software Engineering,Testing Processes in Business-Critical Chain Software Lifecycle,IC3 - Not investigating the reasons for inaccurate estimations OR Not proposing an approach to improve the effort estimation accuracy,Not related to effort estimation (development practice)
93,"Port D., Bui T.",European Journal of Information Systems,Simulating mixed agile and plan-based requirements prioritization strategies: Proof-of-concept and practical implications,IC3 - Not investigating the reasons for inaccurate estimations OR Not proposing an approach to improve the effort estimation accuracy,Not related to effort estimation (requirements prioritization)
94,"Green R., Mazzuchi T., Sarkani S.","World Academy of Science, Engineering and Technology",Communication and quality in distributed agile development: An empirical case study,IC3 - Not investigating the reasons for inaccurate estimations OR Not proposing an approach to improve the effort estimation accuracy,Not related to effort estimation (communication and software quality)
95,"Alnatheer A., Gravell A.M., Argles D.",ESEM 2010 - Proceedings of the 2010 ACM-IEEE International Symposium on Empirical Software Engineering and Measurement,Agile security issues: An empirical study,IC3 - Not investigating the reasons for inaccurate estimations OR Not proposing an approach to improve the effort estimation accuracy,Not related to effort estimation (security)
96,C. R. Jakobsen; T. Poppendieck,2011 Agile Conference,Lean as a Scrum Troubleshooter,IC3 - Not investigating the reasons for inaccurate estimations OR Not proposing an approach to improve the effort estimation accuracy,Not related to effort estimation (adoption)
97,W. C. d. S. Carvalho; P. F. Rosa; M. d. S. Soares; M. A. T. d. Cunha Jr.; L. C. Buiatte,2011 30th International Conference of the Chilean Computer Science Society,A Comparative Analysis of the Agile and Traditional Software Development Processes Productivity,IC3 - Not investigating the reasons for inaccurate estimations OR Not proposing an approach to improve the effort estimation accuracy,Not related to effort estimation (development practice)
98,"Batra D., VanderMeer D., Dutta K.",Journal of Database Management,"Extending agile principles to larger, dynamic software projects: A theoretical assessment",IC3 - Not investigating the reasons for inaccurate estimations OR Not proposing an approach to improve the effort estimation accuracy,Not related to effort estimation (development practice)
99,"Suss S., Hisarciklilar O., Thomson V.",61st Annual IIE Conference and Expo Proceedings,Management methods for reducing span time during new product development,IC3 - Not investigating the reasons for inaccurate estimations OR Not proposing an approach to improve the effort estimation accuracy,Not related to effort estimation (development practice)
100,"Kruchten P., King J.","2011 24th IEEE-CS Conference on Software Engineering Education and Training, CSEE and T 2011 - Proceedings",Mission to Mars: An agile release planning game,IC3 - Not investigating the reasons for inaccurate estimations OR Not proposing an approach to improve the effort estimation accuracy,Not related to effort estimation (experience report of simulation of release planning game)
101,"Van Valkenhoef G., Tervonen T., De Brock B., Postmus D.",Information and Software Technology,Quantitative release planning in extreme programming,IC3 - Not investigating the reasons for inaccurate estimations OR Not proposing an approach to improve the effort estimation accuracy,Not related to effort estimation (release planning generating)
102,T. Um; N. Kim; D. Lee; H. P. In,"2011 First ACIS/JNU International Conference on Computers, Networks, Systems and Industrial Engineering",A Quality Attributes Evaluation Method for an Agile Approach,IC3 - Not investigating the reasons for inaccurate estimations OR Not proposing an approach to improve the effort estimation accuracy,Not related to effort estimation (software quality)
103,B. Curtis; J. Sappidi; J. Subramanyam,2011 Agile Conference,Measuring the Structural Quality of Business Applications,IC3 - Not investigating the reasons for inaccurate estimations OR Not proposing an approach to improve the effort estimation accuracy,Not related to effort estimation (software quality)
104,M. Daneva; N. Ahituv,16th International Conference on Evaluation & Assessment in Software Engineering (EASE 2012),What agile ERP consultants think of requirements engineering for inter-organizational ERP Systems: Insights from a Focus Group in BeNeLux,IC3 - Not investigating the reasons for inaccurate estimations OR Not proposing an approach to improve the effort estimation accuracy,Not related to effort estimation (Enterprise Resource Planning)
105,O. Aktunc,2012 IEEE 23rd International Symposium on Software Reliability Engineering Workshops,Entropy Metrics for Agile Development Processes,IC3 - Not investigating the reasons for inaccurate estimations OR Not proposing an approach to improve the effort estimation accuracy,Not related to effort estimation (software quality)
106,M. G. Stochel; M. R. Wawrowski; J. J. Waskiel,2012 IEEE 36th Annual Computer Software and Applications Conference Workshops,Adaptive Agile Performance Modeling and Testing,IC3 - Not investigating the reasons for inaccurate estimations OR Not proposing an approach to improve the effort estimation accuracy,Not related to effort estimation (software quality)
107,E. Hasnain; T. Hall; M. Shepperd,2013 6th International Workshop on Cooperative and Human Aspects of Software Engineering (CHASE),Using experimental games to understand communication and trust in Agile software teams,IC3 - Not investigating the reasons for inaccurate estimations OR Not proposing an approach to improve the effort estimation accuracy,Not related to effort estimation (communication)
108,R. Schwanke; L. Xiao; Y. Cai,2013 35th International Conference on Software Engineering (ICSE),Measuring architecture quality by structure plus history analysis,IC3 - Not investigating the reasons for inaccurate estimations OR Not proposing an approach to improve the effort estimation accuracy,Not related to effort estimation (software quality)
109,H. Huijgens; R. v. Solingen,2013 Joint Conference of the 23rd International Workshop on Software Measurement and the 8th International Conference on Software Process and Product Measurement,Measuring Best-in-Class Software Releases,IC3 - Not investigating the reasons for inaccurate estimations OR Not proposing an approach to improve the effort estimation accuracy,Not related to effort estimation (software release)
110,Y. Rafique; V. B. Mi≈°iƒá,IEEE Transactions on Software Engineering,The Effects of Test-Driven Development on External Quality and Productivity: A Meta-Analysis,IC3 - Not investigating the reasons for inaccurate estimations OR Not proposing an approach to improve the effort estimation accuracy,Not related to effort estimation (Test-driven development)
111,J. Dumas-Monette; S. Trudel,2014 Joint Conference of the International Workshop on Software Measurement and the International Conference on Software Process and Product Measurement,Requirements Engineering Quality Revealed through Functional Size Measurement: An Empirical Study in an Agile Context,IC3 - Not investigating the reasons for inaccurate estimations OR Not proposing an approach to improve the effort estimation accuracy,Not related to effort estimation (Quality in requirements)
112,S. Chopra,"Proceedings of 3rd International Conference on Reliability, Infocom Technologies and Optimization",Implementing Agile in old technology projects,IC3 - Not investigating the reasons for inaccurate estimations OR Not proposing an approach to improve the effort estimation accuracy,Not related to effort estimation (adoption)
113,D. M. Shawky; S. K. Abd-El-Hafiz,2014 9th International Conference on Software Paradigm Trends (ICSOFT-PT),The impact of agile approaches on software quality attributes an empirical study,IC3 - Not investigating the reasons for inaccurate estimations OR Not proposing an approach to improve the effort estimation accuracy,Not related to effort estimation (adoption and software quality)
114,"Nikitina N,Kajko-Mattsson M",Proceedings of the 2014 International Conference on Software and System Process,Guiding the Adoption of Software Development Methods,IC3 - Not investigating the reasons for inaccurate estimations OR Not proposing an approach to improve the effort estimation accuracy,Not related to effort estimation (adoption)
115,"Ayed H,Vanderose B,Habra N",Proceedings of the 1st International Workshop on Rapid Continuous Software Engineering,Supported Approach for Agile Methods Adaptation: An Adoption Study,IC3 - Not investigating the reasons for inaccurate estimations OR Not proposing an approach to improve the effort estimation accuracy,Not related to effort estimation (adoption)
116,R. Swamidurai; B. Dennis; U. Kannan,IEEE SOUTHEASTCON 2014,Investigating the impact of peer code review and pair programming on test-driven development,IC3 - Not investigating the reasons for inaccurate estimations OR Not proposing an approach to improve the effort estimation accuracy,Not related to effort estimation (code review)
117,"Moe NB,≈†mite D,≈†undefinedblis A,B√∂rjesson AL,Andr√©asson P",Proceedings of the 8th ACM/IEEE International Symposium on Empirical Software Engineering and Measurement,Networking in a Large-Scale Distributed Agile Project,IC3 - Not investigating the reasons for inaccurate estimations OR Not proposing an approach to improve the effort estimation accuracy,Not related to effort estimation (human aspect)
118,Drury-Grogan M.L.,Information and Software Technology,Performance on agile teams: Relating iteration objectives and critical decisions to project management success factors,IC3 - Not investigating the reasons for inaccurate estimations OR Not proposing an approach to improve the effort estimation accuracy,Not related to effort estimation (performance evaluation)
119,S. ƒåelar; M. Turiƒá; L. Vickoviƒá,2014 22nd Telecommunications Forum Telfor (TELFOR),Method for personal capability assessment in agile teams using personal points,IC3 - Not investigating the reasons for inaccurate estimations OR Not proposing an approach to improve the effort estimation accuracy,Not related to effort estimation (performance measurement)
120,"ƒåelar S., Turiƒá M., Vickoviƒá L.","2014 22nd Telecommunications Forum, TELFOR 2014 - Proceedings of Papers",Method for personal capability abebment in agile teams using personal points,IC3 - Not investigating the reasons for inaccurate estimations OR Not proposing an approach to improve the effort estimation accuracy,Not related to effort estimation (productivity evaluation)
121,"Febles Parker ME,Fernandez Del Monte Y",,"The Agile Management of Development Projects of Software Combining Scrum, Kanban and Expert Consultation",IC3 - Not investigating the reasons for inaccurate estimations OR Not proposing an approach to improve the effort estimation accuracy,Not related to effort estimation (software quality)
122,A. Agarwal; N. K. Garg; A. Jain,2014 International Conference on Reliability Optimization and Information Technology (ICROIT),Quality assurance for Product development using Agile,IC3 - Not investigating the reasons for inaccurate estimations OR Not proposing an approach to improve the effort estimation accuracy,Not related to effort estimation (software quality)
123,"Nandakumar R,Lal AK,Parmar RM",SIGSOFT Softw. Eng. Notes,State of the Art in Software Quality Assurance,IC3 - Not investigating the reasons for inaccurate estimations OR Not proposing an approach to improve the effort estimation accuracy,Not related to effort estimation (software quality)
124,P. Rotella; S. Chulani,2014 IEEE International Symposium on Software Reliability Engineering Workshops,Predicting Release Quality,IC3 - Not investigating the reasons for inaccurate estimations OR Not proposing an approach to improve the effort estimation accuracy,Not related to effort estimation (software quality)
125,R. Popli; N. Chauhan; H. Sharma,2014 International Conference on Issues and Challenges in Intelligent Computing Techniques (ICICT),Prioritising user stories in agile environment,IC3 - Not investigating the reasons for inaccurate estimations OR Not proposing an approach to improve the effort estimation accuracy,Not related to effort estimation (wi prioritization)
126,A. E. D. Hamouda,2014 Agile Conference,Using Agile Story Points as an Estimation Technique in CMMI Organizations,IC3 - Not investigating the reasons for inaccurate estimations OR Not proposing an approach to improve the effort estimation accuracy,not related to software development (adoption)
127,A. M. Alsalemi; E. Yeoh,2015 9th Malaysian Software Engineering Conference (MySEC),A survey on product backlog change management and requirement traceability in agile (Scrum),IC3 - Not investigating the reasons for inaccurate estimations OR Not proposing an approach to improve the effort estimation accuracy,Not related to effort estimation (change management)
128,"Ohsugi N., Fushida K., Inoguchi N., Arai H., Yamanaka H., Niwa T., Fujinuki M., Tomura M., Kitani T.",International Symposium on Empirical Software Engineering and Measurement,Using Trac for Empirical Data Collection and Analysis in Developing Small and Medium-Sized Enterprise Systems,IC3 - Not investigating the reasons for inaccurate estimations OR Not proposing an approach to improve the effort estimation accuracy,Not related to effort estimation (data collection)
129,R. Nƒõmec,2015 Federated Conference on Computer Science and Information Systems (FedCSIS),Assessment of query execution performance using selected Business Intelligence tools and experimental agile oriented data modeling approach,IC3 - Not investigating the reasons for inaccurate estimations OR Not proposing an approach to improve the effort estimation accuracy,Not related to effort estimation (data management)
130,"Ramasubbu N., Bharadwaj A., Tayi G.K.",MIS Quarterly: Management Information Systems,"Software process diversity: Conceptualization, measurement, and analysis of impact on project performance",IC3 - Not investigating the reasons for inaccurate estimations OR Not proposing an approach to improve the effort estimation accuracy,Not related to effort estimation (development practice)
131,"Weaver C., Wang Z., Freel S.","9th International Topical Meeting on Nuclear Plant Instrumentation, Control, and Human-Machine Interface Technologies, NPIC and HMIT 2015","Human factors engineering, simulator and operator roadmap to analysis, design and verification & validation",IC3 - Not investigating the reasons for inaccurate estimations OR Not proposing an approach to improve the effort estimation accuracy,Not related to effort estimation (human factor engineering)
132,"Zabkar N,Hovelja T,Urevc J,Mahnic V",,Introducing Agile Software Development: Lessons Learned from the First Scrum Project in a Slovenian Company,IC3 - Not investigating the reasons for inaccurate estimations OR Not proposing an approach to improve the effort estimation accuracy,Not related to effort estimation (lesson learn of scrum adoption)
133,"van Kelle E,van der Wijst P,Plaat A,Visser J",Proceedings of the Eighth International Workshop on Cooperative and Human Aspects of Software Engineering,An Empirical Study into Social Success Factors for Agile Software Development,IC3 - Not investigating the reasons for inaccurate estimations OR Not proposing an approach to improve the effort estimation accuracy,Not related to effort estimation (social factor on project success)
134,S. Yamada; R. Kii,"2015 4th International Conference on Reliability, Infocom Technologies and Optimization (ICRITO) (Trends and Future Directions)",Software quality analysis for agile development,IC3 - Not investigating the reasons for inaccurate estimations OR Not proposing an approach to improve the effort estimation accuracy,Not related to effort estimation (softwar equality)
135,"Diebold P,Ostberg JP,Wagner S,Zendler U",,What Do Practitioners Vary in Using Scrum?,IC3 - Not investigating the reasons for inaccurate estimations OR Not proposing an approach to improve the effort estimation accuracy,Not related to effort estimation (survey practices)
136,A. Martini; J. Bosch,2015 41st Euromicro Conference on Software Engineering and Advanced Applications,Towards Prioritizing Architecture Technical Debt: Information Needs of Architects and Product Owners,IC3 - Not investigating the reasons for inaccurate estimations OR Not proposing an approach to improve the effort estimation accuracy,Not related to effort estimation (technical debt)
137,F. Oliveira; A. Goldman; V. Santos,2015 Agile Conference,Managing Technical Debt in Software Projects Using Scrum: An Action Research,IC3 - Not investigating the reasons for inaccurate estimations OR Not proposing an approach to improve the effort estimation accuracy,Not related to effort estimation (technical debt)
138,"Rogers G.P., Miles P.",AUTOTESTCON (Proceedings),Manual testing's newfound place in the automated testing world,IC3 - Not investigating the reasons for inaccurate estimations OR Not proposing an approach to improve the effort estimation accuracy,Not related to effort estimation (testing)
139,Ehlers J,Proceedings of the 12th ACM International Conference on Computing Frontiers,Socialness in the Recruiting of Software Engineers,IC3 - Not investigating the reasons for inaccurate estimations OR Not proposing an approach to improve the effort estimation accuracy,Not related to software development (job recruitment)
140,"Zha W., Anand S.",Journal of Manufacturing Processes,Geometric approaches to input file modification for part quality improvement in additive manufacturing,IC3 - Not investigating the reasons for inaccurate estimations OR Not proposing an approach to improve the effort estimation accuracy,Not related to software development (manufacturing)
141,"Mendes TS,de F. Farias MA,Mendon√ßa M,Soares HF,Kalinowski M,Sp√≠nola RO",Proceedings of the 31st Annual ACM Symposium on Applied Computing,Impacts of Agile Requirements Documentation Debt on Software Projects: A Retrospective Study,IC3 - Not investigating the reasons for inaccurate estimations OR Not proposing an approach to improve the effort estimation accuracy,"Not related to effort estimation (the paper investigate the imapct of documentation debt on the addition of maintenance task)
"
142,L. Benedicenti; F. Cotugno; P. Cianfrini; A. Messina; W. Pedrycz; A. Sillitti; G. Succi,2016 IEEE/ACM 38th International Conference on Software Engineering Companion (ICSE-C),Applying Scrum to the Army - A Case Study,IC3 - Not investigating the reasons for inaccurate estimations OR Not proposing an approach to improve the effort estimation accuracy,Not related to effort estimation (adoption)
143,G. Rodr√≠guez; √Å. Soria; M. Campo,IEEE Transactions on Education,Measuring the Impact of Agile Coaching on Students‚ Performance,IC3 - Not investigating the reasons for inaccurate estimations OR Not proposing an approach to improve the effort estimation accuracy,Not related to effort estimation (coaching)
144,"Garousi V., Co≈ükun√ßay A., Demir√∂rs O., Yazici A.",Journal of Systems and Software,Cross-factor analysis of software engineering practices versus practitioner demographics: An exploratory study in Turkey,IC3 - Not investigating the reasons for inaccurate estimations OR Not proposing an approach to improve the effort estimation accuracy,Not related to effort estimation (development practice)
145,M. Rajkumar; A. K. Pole; V. S. Adige; P. Mahanta,"2016 International Conference on Advances in Computing, Communication, & Automation (ICACCA) (Spring)",DevOps culture and its impact on cloud delivery and software development,IC3 - Not investigating the reasons for inaccurate estimations OR Not proposing an approach to improve the effort estimation accuracy,Not related to effort estimation (devops)
146,D. P. Harvie; A. Agah,IEEE Transactions on Software Engineering,Targeted Scrum: Applying Mission Command to Agile Software Development,IC3 - Not investigating the reasons for inaccurate estimations OR Not proposing an approach to improve the effort estimation accuracy,Not related to effort estimation (evaluation of development practice)
147,T. E. F√¶gri; V. Stray; N. B. Moe,2016 IEEE 11th International Conference on Global Software Engineering (ICGSE),Shared Knowledge in Virtual Software Teams: A Preliminary Framework,IC3 - Not investigating the reasons for inaccurate estimations OR Not proposing an approach to improve the effort estimation accuracy,Not related to effort estimation (knowledge management)
148,P. Jain; A. Sharma; L. Ahuja,"2016 5th International Conference on Reliability, Infocom Technologies and Optimization (Trends and Future Directions) (ICRITO)",ISM based identification of quality attributes for agile development,IC3 - Not investigating the reasons for inaccurate estimations OR Not proposing an approach to improve the effort estimation accuracy,Not related to effort estimation (software quality)
149,M. Seyam; D. S. McCrickard; S. Niu; A. Esakia; W. Kim,2016 IEEE Frontiers in Education Conference (FIE),"Teaching mobile application development through lectures, interactive tutorials, and Pair Programming",IC3 - Not investigating the reasons for inaccurate estimations OR Not proposing an approach to improve the effort estimation accuracy,Not related to effort estimation (teaching)
150,M. A. Alrshah; M. Othman; B. M. Ali; Z. B. M. Hanapi,IEEE Access,Modeling the Throughput of the Linux-Based Agile-SD Transmission Control Protocol,IC3 - Not investigating the reasons for inaccurate estimations OR Not proposing an approach to improve the effort estimation accuracy,Not related to software development (networking)
151,"Ahmed AR,Tayyab M,Bhatti SN,Alzahrani AJ,Babar MI",,Impact of Story Point Estimation on Product using Metrics in Scrum Development Process,IC3 - Not investigating the reasons for inaccurate estimations OR Not proposing an approach to improve the effort estimation accuracy,Not related to effort estimation (focusing on project management rather than estimation)
152,"Judd S,Sullivan M,Stern J",Proceedings of the 2017 ACM SIGCSE Technical Symposium on Computer Science Education,Agile Development in Project-Based Curriculum at Scale for Middle and High School Girls (Abstract Only),IC3 - Not investigating the reasons for inaccurate estimations OR Not proposing an approach to improve the effort estimation accuracy,Not related to effort estimation (adoption)
153,"Roslin E.N., Mahfuz M.H.M., Othman J., Zain N.M., Ahamat M.A.",International Journal of Applied Engineering Research,A model of agile system in automotive service industry,IC3 - Not investigating the reasons for inaccurate estimations OR Not proposing an approach to improve the effort estimation accuracy,Not related to effort estimation (adoption)
154,C. Wang; X. Xie; P. Liang; J. Xuan,2017 24th Asia-Pacific Software Engineering Conference (APSEC),Multi-Perspective Visualization to Assist Code Change Review,IC3 - Not investigating the reasons for inaccurate estimations OR Not proposing an approach to improve the effort estimation accuracy,Not related to effort estimation (code review)
155,W. Septian; W. Gata,2017 11th International Conference on Information & Communication Technology and System (ICTS),Software development framework on small team using Agile Framework for Small Projects (AFSP) with neural network estimation,IC3 - Not investigating the reasons for inaccurate estimations OR Not proposing an approach to improve the effort estimation accuracy,Not related to effort estimation (development framework)
156,"Rosenberg D., Boehm B.W., Wang B., Qi K.",ACM International Conference Proceeding Series,"Rapid, evolutionary, reliable, scalable system and software development: The resilient agile process",IC3 - Not investigating the reasons for inaccurate estimations OR Not proposing an approach to improve the effort estimation accuracy,Not related to effort estimation (development framework)
157,"Hohl P,Ghofrani J,M√ºnch J,Stupperich M,Schneider K",Proceedings of the 2017 International Conference on Software and System Process,Searching for Common Ground: Existing Literature on Automotive Agile Software Product Lines,IC3 - Not investigating the reasons for inaccurate estimations OR Not proposing an approach to improve the effort estimation accuracy,Not related to effort estimation (literature review of agile methods)
158,N. Keshta; Y. Morgan,"2017 8th IEEE Annual Information Technology, Electronics and Mobile Communication Conference (IEMCON)",Comparison between traditional plan-based and agile software processes according to team size & project domain (A systematic literature review),IC3 - Not investigating the reasons for inaccurate estimations OR Not proposing an approach to improve the effort estimation accuracy,Not related to effort estimation (literature review of plan-based agile methods)
159,Pospieszny P.,ACM International Conference Proceeding Series,Software estimation - towards prescriptive analytics,IC3 - Not investigating the reasons for inaccurate estimations OR Not proposing an approach to improve the effort estimation accuracy,Not related to effort estimation (research direction)
160,M. Krasich,2017 Annual Reliability and Maintainability Symposium (RAMS),Mathematical models and software reliability can different mathematics fit all phases of SW lifecycle?,IC3 - Not investigating the reasons for inaccurate estimations OR Not proposing an approach to improve the effort estimation accuracy,Not related to effort estimation (software reliability)
161,"Joseph A.K., Radhamani G.",Journal of Testing and Evaluation,Hybrid test case optimization approach using genetic algorithm with adaptive neuro fuzzy inference systemfor regression testing,IC3 - Not investigating the reasons for inaccurate estimations OR Not proposing an approach to improve the effort estimation accuracy,Not related to effort estimation (test case prioritization)
162,K. Ghane,2017 IEEE Technology & Engineering Management Conference (TEMSCON),Quantitative planning and risk management of Agile Software Development,IC3 - Not investigating the reasons for inaccurate estimations OR Not proposing an approach to improve the effort estimation accuracy,"Not related to effort estimation(evaluation of OO metrics for design effort and LOC, not development effort)"
163,"Weflen E., Korniejczuk K., Lau S., Kryk S., MacKenzie C., Rivero I.V.",IISE Annual Conference and Expo 2018,Application of Bayesian belief network for agile kanban backlog estimation,IC3 - Not investigating the reasons for inaccurate estimations OR Not proposing an approach to improve the effort estimation accuracy,Not related to effort estimation (they predict time from task created to task implementation start)
164,"Razzak MA,Richardson I,Noll J,Canna CN,Beecham S",Proceedings of the 13th International Conference on Global Software Engineering,Scaling Agile across the Global Organization: An Early Stage Industrial SAFe Self-Assessment,IC3 - Not investigating the reasons for inaccurate estimations OR Not proposing an approach to improve the effort estimation accuracy,Not related to effort estimation (adoption)
165,"Shurrab J., Hussain M.","Journal of Engineering, Design and Technology",An empirical study of the impact of lean on the performance of the construction industry in UAE,IC3 - Not investigating the reasons for inaccurate estimations OR Not proposing an approach to improve the effort estimation accuracy,Not related to effort estimation (adoption)
166,P. Rachow; S. Schr√∂der; M. Riebisch,2018 25th Australasian Software Engineering Conference (ASWEC),Missing Clean Code Acceptance and Support in Practice - An Empirical Study,IC3 - Not investigating the reasons for inaccurate estimations OR Not proposing an approach to improve the effort estimation accuracy,Not related to effort estimation (clean code)
167,H. Zhou; Y. Hu; J. Su; M. Chi; C. de Laat; Z. Zhao,2018 IEEE 11th International Conference on Cloud Computing (CLOUD),Empowering Dynamic Task-Based Applications with Agile Virtual Infrastructure Programmability,IC3 - Not investigating the reasons for inaccurate estimations OR Not proposing an approach to improve the effort estimation accuracy,Not related to effort estimation (evaluation of a software)
168,A. S. B. Rani; A. R. N. B. Kamal,2018 IEEE International Conference on Computational Intelligence and Computing Research (ICCIC),Text Mining to Concept Mining: Leads Feature Location in Software System,IC3 - Not investigating the reasons for inaccurate estimations OR Not proposing an approach to improve the effort estimation accuracy,Not related to effort estimation (maintenenace)
169,"Schuh G., Rebentisch E., D√∂lle C., Mattern C., Volevach G., Menges A.",Procedia CIRP,Defining Scaling Strategies for the Improvement of Agility Performance in Product Development Projects,IC3 - Not investigating the reasons for inaccurate estimations OR Not proposing an approach to improve the effort estimation accuracy,Not related to effort estimation (scalability)
170,C. Matthies; R. Teusner; G. Hesse,2018 IEEE Frontiers in Education Conference (FIE),Beyond Surveys: Analyzing Software Development Artifacts to Assess Teaching Efforts,IC3 - Not investigating the reasons for inaccurate estimations OR Not proposing an approach to improve the effort estimation accuracy,Not related to effort estimation (teaching)
171,"Hariharan S., Rengarajan A., Prem Kumar R.",International Journal of Innovative Technology and Exploring Engineering,Scrum based scaling using agile method to test software projects and its future solutions using in artificial neural networks,IC3 - Not investigating the reasons for inaccurate estimations OR Not proposing an approach to improve the effort estimation accuracy,Not related to effort estimation (adoption)
172,A. Z. H. Yang; D. Alencar da Costa; Y. Zou,2019 IEEE/ACM 16th International Conference on Mining Software Repositories (MSR),Predicting Co-Changes between Functionality Specifications and Source Code in Behavior Driven Development,IC3 - Not investigating the reasons for inaccurate estimations OR Not proposing an approach to improve the effort estimation accuracy,"Not related to effort estimation (identify co-changes between requirements and code)
"
173,K. B. Ijaz; I. Inayat; F. Allah Bukhsh,2019 45th Euromicro Conference on Software Engineering and Advanced Applications (SEAA),Non-functional Requirements Prioritization: A Systematic Literature Review,IC3 - Not investigating the reasons for inaccurate estimations OR Not proposing an approach to improve the effort estimation accuracy,"Not related to effort estimation (NFR)
"
174,N. Raitubu; K. R. Sungkono; R. Sarno; C. S. Wahyuni,2019 International Seminar on Application for Technology of Information and Communication (iSemantic),Detection of Bottleneck and Social Network in Business Process of Agile Development,IC3 - Not investigating the reasons for inaccurate estimations OR Not proposing an approach to improve the effort estimation accuracy,Not related to effort estimation (performance evaluation)
175,Y. A. Rindri; R. Hartanto; R. Ferdiana,2019 5th International Conference on Science and Technology (ICST),API Design and Development for Developer Payroll in Startups Based on Agile Productivity Factors,IC3 - Not investigating the reasons for inaccurate estimations OR Not proposing an approach to improve the effort estimation accuracy,Not related to effort estimation (performance evaluation)
176,"Riesener M., Doelle C., Schloesser S., Schuh G.",Proceedings of the ASME Design Engineering Technical Conference,Prototype design in agile product development processes for technical systems,IC3 - Not investigating the reasons for inaccurate estimations OR Not proposing an approach to improve the effort estimation accuracy,Not related to effort estimation (prototype design)
177,"Rojas L.A., Mac√≠as J.A.",Journal of Systems and Software,Toward collisions produced in requirements rankings: A qualitative approach and experimental study,IC3 - Not investigating the reasons for inaccurate estimations OR Not proposing an approach to improve the effort estimation accuracy,Not related to effort estimation (requirements prioritization)
178,J. Kahles; J. T√∂rr√∂nen; T. Huuhtanen; A. Jung,"2019 12th IEEE Conference on Software Testing, Validation and Verification (ICST)",Automating Root Cause Analysis via Machine Learning in Agile Software Testing Environments,IC3 - Not investigating the reasons for inaccurate estimations OR Not proposing an approach to improve the effort estimation accuracy,"Not related to effort estimation (root cause analysis)
"
179,"Madeyski L., Kawalerowicz M.",Journal of Intelligent and Fuzzy Systems,Empirical evaluation of continuous test-driven development in industrial settings,IC3 - Not investigating the reasons for inaccurate estimations OR Not proposing an approach to improve the effort estimation accuracy,Not related to effort estimation (TDD)
180,Al-Ratrout S.,International Journal of Engineering and Advanced Technology,Practical implementation of agile approaches in teaching process,IC3 - Not investigating the reasons for inaccurate estimations OR Not proposing an approach to improve the effort estimation accuracy,Not related to effort estimation (teaching)
181,F. Rainho; J. Barreiros,2019 14th Iberian Conference on Information Systems and Technologies (CISTI),Agile Process Optimization: An Approach Using the CMMI and GQM,IC3 - Not investigating the reasons for inaccurate estimations OR Not proposing an approach to improve the effort estimation accuracy,Not related to software development (CMMI)
182,"Briatore S., Golkar A.","Proceedings of the International Astronautical Congress, IAC",An agile scrum methodology tool for electronics design,IC3 - Not investigating the reasons for inaccurate estimations OR Not proposing an approach to improve the effort estimation accuracy,Not related to software development (hardware)
183,"Lopez D., Fuisz A.","Proceedings of the International Astronautical Congress, IAC",Scrum and the art of international space law,IC3 - Not investigating the reasons for inaccurate estimations OR Not proposing an approach to improve the effort estimation accuracy,Not related to software development (space law)
184,"Al Ghanmi N.K., Jamail N.S.M.",Bulletin of Electrical Engineering and Informatics,Integrating scrum development process with ux design flow,IC3 - Not investigating the reasons for inaccurate estimations OR Not proposing an approach to improve the effort estimation accuracy,Not related to effort estimation (adoption)
185,M. Kalinowski; S. T. Batista; H. Lopes; S. Barbosa; M. Poggi; T. Silva; H. Villamizar; J. Chueke; B. Teixeira; J. A. Pereira; B. Ferreira; R. Lima; G. da Silva Cardoso; A. F. Teixeira; J. A. Warrak; M. Fischer; A. Kuramoto; B. Itagyba; C. Salgado; C. Pelizaro; D. Lemes; M. S. da Costa; M. Waltemberg; O. Lopes,2020 46th Euromicro Conference on Software Engineering and Advanced Applications (SEAA),Towards Lean R&D: An Agile Research and Development Approach for Digital Transformation,IC3 - Not investigating the reasons for inaccurate estimations OR Not proposing an approach to improve the effort estimation accuracy,Not related to effort estimation (adoption)
186,K. Jingga; W. D. Sunindyo,2020 12th International Conference on Information Technology and Electrical Engineering (ICITEE),Component-based Development Using Moodle As Alternative for E-learning Software Development,IC3 - Not investigating the reasons for inaccurate estimations OR Not proposing an approach to improve the effort estimation accuracy,Not related to effort estimation (comparison of development stage)
187,E. Scott; K. N. Charkie; D. Pfahl,2020 46th Euromicro Conference on Software Engineering and Advanced Applications (SEAA),"Productivity, Turnover, and Team Stability of Agile Teams in Open-Source Software Projects",IC3 - Not investigating the reasons for inaccurate estimations OR Not proposing an approach to improve the effort estimation accuracy,Not related to effort estimation (factors affecting productivity)
188,"Villamizar H., Kalinowski M., Garcia A., Mendez D.",Requirements Engineering,An efficient approach for reviewing security-related aspects in agile requirements specifications of web applications,IC3 - Not investigating the reasons for inaccurate estimations OR Not proposing an approach to improve the effort estimation accuracy,Not related to effort estimation (identify security issues in requirements)
189,"Perkusich M., Chaves e Silva L., Costa A., Ramos F., Saraiva R., Freire A., Dilorenzo E., Dantas E., Santos D., Gorg√¥nio K., Almeida H., Perkusich A.",Information and Software Technology,Intelligent software engineering in the context of agile software development: A systematic literature review,IC3 - Not investigating the reasons for inaccurate estimations OR Not proposing an approach to improve the effort estimation accuracy,Not related to effort estimation (literature review)
190,"Sharma P., Sangal A.L.",Arabian Journal for Science and Engineering,Building and Testing a Fuzzy Linguistic Assessment Framework for Defect Prediction in ASD Environment Using Process-Based Software Metrics,IC3 - Not investigating the reasons for inaccurate estimations OR Not proposing an approach to improve the effort estimation accuracy,Not related to effort estimation (predict defect density)
191,"Almadhoun W., Hamdan M.",Journal of Intelligent Systems,Optimizing the Self-Organizing Team Size Using a Genetic Algorithm in Agile Practices,IC3 - Not investigating the reasons for inaccurate estimations OR Not proposing an approach to improve the effort estimation accuracy,Not related to effort estimation (predict the number of team members)
192,"Vaid K., Ghose U.",Procedia Computer Science,Predictive Analysis of Manpower Requirements in Scrum Projects Using Regression Techniques,IC3 - Not investigating the reasons for inaccurate estimations OR Not proposing an approach to improve the effort estimation accuracy,Not related to effort estimation (predict the number of team members)
193,"Oriol M., Mart√≠nez-Fern√°ndez S., Behutiye W., Farr√© C., Kozik R., Sepp√§nen P., Vollmer A.M., Rodr√≠guez P., Franch X., Aaramaa S., Abherv√© A., Chora≈õ M., Partanen J.",Software Quality Journal,Data-driven and tool-supported elicitation of quality requirements in agile companies,IC3 - Not investigating the reasons for inaccurate estimations OR Not proposing an approach to improve the effort estimation accuracy,Not related to effort estimation (requirements engineering (NFR))
194,"Silva M,Freire A,Perkusich M,Gorg√¥nio K,Almeida H,Perkusich A",Proceedings of the 34th Brazilian Symposium on Software Engineering,On the Influence of Different Perspectives on Evaluating the Teamwork Quality in the Context of Agile Software Development,IC3 - Not investigating the reasons for inaccurate estimations OR Not proposing an approach to improve the effort estimation accuracy,Not related to effort estimation (teamwork quality)
195,Pasuksmit J.,ESEC/FSE 2021 - Proceedings of the 29th ACM Joint Meeting European Software Engineering Conference and Symposium on the Foundations of Software Engineering,Investigating documented information for accurate effort estimation in agile software development,IC3 - Not investigating the reasons for inaccurate estimations OR Not proposing an approach to improve the effort estimation accuracy,Not proposing new technique to estimate effort or identifying cause of inaccurate estimation (doctoral symposium)
196,"Mishra A., Abdalhamid S., Mishra D., Ostrovska S.",International Journal of Systems Assurance Engineering and Management,Organizational issues in embracing Agile methods: an empirical assessment,IC3 - Not investigating the reasons for inaccurate estimations OR Not proposing an approach to improve the effort estimation accuracy,Not related to effort estimation (adoption)
197,C. Garc√≠a; A. Guerrero; J. Zeitsoff; S. Korlakunta; P. Fernandez; A. Fox; A. Ruiz-Cort√©s,2021 IEEE/ACM 43rd International Conference on Software Engineering: Software Engineering Education and Training (ICSE-SEET),Bluejay: A Cross-Tooling Audit Framework For Agile Software Teams,IC3 - Not investigating the reasons for inaccurate estimations OR Not proposing an approach to improve the effort estimation accuracy,Not related to effort estimation (evaluate practices)
198,"Almeida F., Carneiro P.",International Journal of Agile Systems and Management,Performance metrics in scrum software engineering companies,IC3 - Not investigating the reasons for inaccurate estimations OR Not proposing an approach to improve the effort estimation accuracy,Not related to effort estimation (evaluation of team performance)
199,"Shafiq S., Mashkoor A., Mayr-Dorn C., Egyed A.","Proceedings - 2021 47th Euromicro Conference on Software Engineering and Advanced Applications, SEAA 2021",NLP4IP: Natural Language Processing-based Recommendation Approach for Issues Prioritization,IC3 - Not investigating the reasons for inaccurate estimations OR Not proposing an approach to improve the effort estimation accuracy,Not related to effort estimation (issue prioritization)
200,M. I. Lunesu; R. Tonelli; L. Marchesi; M. Marchesi,IEEE Access,Assessing the Risk of Software Development in Agile Methodologies Using Simulation,IC3 - Not investigating the reasons for inaccurate estimations OR Not proposing an approach to improve the effort estimation accuracy,Not related to effort estimation (risk factors of a project)
201,J. Ahmad; A. W. Khan; H. U. Khan,IEEE Access,Role of Critical Success Factors in Offshore Quality Requirement Change Management Using SLR,IC3 - Not investigating the reasons for inaccurate estimations OR Not proposing an approach to improve the effort estimation accuracy,Not related to effort estimation (success factor)
202,"Kukreja V., Singh A., Ahuja S.",International Journal of Knowledge and Learning,"Identification, assessment and ranking agile software development critical success factors - A factor analysis approach",IC3 - Not investigating the reasons for inaccurate estimations OR Not proposing an approach to improve the effort estimation accuracy,Not related to effort estimation (success factors for ASD)
203,F. Aizaz; U. I. Janjua; H. Zafar; J. A. Khan; I. Kazim,2021 International Conference on Frontiers of Information Technology (FIT),An Empirical Investigation on Software Cost Estimation Techniques and Barriers on Agile Software Development in Software Industry of Pakistan,IC3 - Not investigating the reasons for inaccurate estimations OR Not proposing an approach to improve the effort estimation accuracy,Not related to effort estimation (success factors of the project)
204,"Goel R.K., Yadav C.S., Vishnoi S., Singh L., Pachauri P.",Journal of Engineering Science and Technology Review,Team Cognition Approach in Agile Software Development,IC3 - Not investigating the reasons for inaccurate estimations OR Not proposing an approach to improve the effort estimation accuracy,Not related to effort estimation (team cognition)
205,J. Berends; F. Dalpiaz,2021 IEEE 29th International Requirements Engineering Conference (RE),Refining User Stories via Example Mapping: An Empirical Investigation,IC3 - Not investigating the reasons for inaccurate estimations OR Not proposing an approach to improve the effort estimation accuracy,Not related to effort estimation (user stories improvment)
206,"Zorzetti M., Signoretti I., Salerno L., Marczak S., Bastos R.",Information and Software Technology,Improving Agile Software Development using User-Centered Design and Lean Startup,IC3 - Not investigating the reasons for inaccurate estimations OR Not proposing an approach to improve the effort estimation accuracy,Not related to effort estimation (development approach)
207,"Zhang J.-M., Cui Z.-Q., Chen X., Wu H.-H., Zheng L.-W., Liu J.-B.",Journal of Computer Science and Technology,DeltaFuzz: Historical Version Information Guided Fuzz Testing,IC3 - Not investigating the reasons for inaccurate estimations OR Not proposing an approach to improve the effort estimation accuracy,Not related to effort estimation (testing)
208,"Weflen E., MacKenzie C.A., Rivero I.V.",Expert Systems with Applications,An influence diagram approach to automating lead time estimation in Agile Kanban project management,IC3 - Not investigating the reasons for inaccurate estimations OR Not proposing an approach to improve the effort estimation accuracy,Not related to effort estimation (they predict time from task created to task implementation start)
209,"Basri S,Kama N,Haneem F,Ismail SA",Proceedings of the Seventh Symposium on Information and Communication Technology,Predicting Effort for Requirement Changes during Software Development,EC2 - Is duplicate or continuation of another included study/approach,
210,"Choudhari J,Suman U",Procedia Technology,Story Points Based Effort Estimation Model for Software Maintenance,EC2 - Is duplicate or continuation of another included study/approach,
211,A. Altaleb; H. Alhashimi; A. Gravell,2020 10th International Conference on Advanced Computer Information Technologies (ACIT),A Case Study Validation of the Pair-estimation Technique in Effort Estimation of Mobile App Development Using Agile Processes,EC2 - Is duplicate or continuation of another included study/approach,
212,M. Adnan; M. Afzal,IEEE Access,Ontology Based Multiagent Effort Estimation System for Scrum Agile Method,EC2 - Is duplicate or continuation of another included study/approach,
213,M. Usman; R. Britto,2016 Joint Conference of the International Workshop on Software Measurement and the International Conference on Software Process and Product Measurement (IWSM-MENSURA),Effort Estimation in Co-located and Globally Distributed Agile Software Development: A Comparative Study,EC2 - Is duplicate or continuation of another included study/approach,
214,"Tanveer B., Vollmer A.M., Braun S., Ali N.",Journal of Software: Evolution and Process,An evaluation of effort estimation supported by change impact analysis in agile software development,EC2 - Is duplicate or continuation of another included study/approach,
215,"Turek M,Werewka J,Palka D",,The Scrum Pricing Model for Developing a Common Software Framework in a Multi-project Environment,EC1 - Provide no access to the full paper,
216,"Dhir S., Kumar D.",Advanced Science Letters,Factors persuading nuts and bolts of agile estimation,EC1 - Provide no access to the full paper,
217,"Karunakaran E., Sreenath N.",International Journal of Applied Engineering Research,A method to effort estimation for XP projects in clients perspective,EC1 - Provide no access to the full paper,
218,"Miguel MA,Araujo MA,David JM,Braga R",Proceedings of the XII Brazilian Symposium on Information Systems on Brazilian Symposium on Information Systems: Information Systems in the Cloud Computing Era - Volume 1,A Framework to Support Effort Estimation on Software Maintenance and Evolution Activities,EC1 - Provide no access to the full paper,
219,"Dhir S., Kumar D., Singh V.B.",International Journal of Process Management and Benchmarking,An estimation technique in agile archetype using story points and function point analysis,EC1 - Provide no access to the full paper,
220,"Mas‚ad R., √ëanculef R., Astudillo H.","XXII Ibero-American Conference on Software Engineering, CIbSE 2019",BlackSheep: Dynamic effort estimation in agile software development using machine learning,EC1 - Provide no access to the full paper,
221,M. Arora; A. Sharma; S. Katoch; M. Malviya; S. Chopra,2021 2nd International Conference on Intelligent Engineering and Management (ICIEM),A State of the Art Regressor Model's comparison for Effort Estimation of Agile software,EC3 - Is a literature review study,
222,S. A. Saeed; J. A. Khan; S. Naeem; S. -U. -R. Khan,2021 International Conference on Frontiers of Information Technology (FIT),An Empirical Investigation on Cost Estimation Challenges in Agile Software Development (ASD) Context,EC3 - Is a literature review study,
223,Danh Nguyen-Cong; De Tran-Cao,"The 2013 RIVF International Conference on Computing & Communication Technologies - Research, Innovation, and Vision for Future (RIVF)","A review of effort estimation studies in agile, iterative and incremental software development",EC3 - Is a literature review study,
224,"Usman M,Mendes E,Weidt F,Britto R",Proceedings of the 10th International Conference on Predictive Models in Software Engineering,Effort Estimation in Agile Software Development: A Systematic Literature Review,EC3 - Is a literature review study,
225,"Schweighofer T., Kline A., Pavliƒç L., Heriƒçko M.",CEUR Workshop Proceedings,How is effort estimated in agile software development projects?,EC3 - Is a literature review study,
226,S. Bilgaiyan; S. Mishra; M. Das,2016 2nd International Conference on Computational Intelligence and Networks (CINE),A Review of Software Cost Estimation in Agile Software Development Using Soft Computing Techniques,EC3 - Is a literature review study,
227,"Prakash B., Viswanathan V.",Indonesian Journal of Electrical Engineering and Computer Science,A survey on software estimation techniques in traditional and agile development models,EC3 - Is a literature review study,
228,"Canedo E.D., Da Costa R.P.","Americas Conference on Information Systems 2018: Digital Disruption, AMCIS 2018",Methods and metrics for estimating and planning agile software projects,EC3 - Is a literature review study,
229,"Kaur A., Kaur K.",Indonesian Journal of Electrical Engineering and Computer Science,Effort estimation in traditional and agile mobile application development & testing,EC3 - Is a literature review study,
230,"Arora M., Verma S., Kavita",International Journal of Engineering and Technology(UAE),An efficient effort and cost estimation framework for Scrum Based Projects,EC3 - Is a literature review study,
231,"Kaur A., Kaur K.",Information and Software Technology,Investigation on test effort estimation of mobile applications: Systematic literature review and survey,EC3 - Is a literature review study,
232,"Arora M,Verma S,Kavita,Chopra S",,A Systematic Literature Review of Machine Learning Estimation Approaches in Scrum Projects,EC3 - Is a literature review study,
233,M. Fern√°ndez-Diego; E. R. M√©ndez; F. Gonz√°lez-Ladr√≥n-De-Guevara; S. Abrah√£o; E. Insfran,IEEE Access,An Update on Effort Estimation in Agile Software Development: A Systematic Literature Review,EC3 - Is a literature review study,
234,M. M. Hohman,Agile Development Conference (ADC'05),Estimating in actual time [extreme programming],EC4 - Is an experience report or replication study,
235,"Gary K., Koehnemann H.","ASEE Annual Conference and Exposition, Conference Proceedings",The benefits of transparency in managing software engineering capstone projects,EC4 - Is an experience report or replication study,
236,M. Ochodek,2016 Joint Conference of the International Workshop on Software Measurement and the International Conference on Software Process and Product Measurement (IWSM-MENSURA),Approximation of COSMIC Functional Size of Scenario-Based Requirements in Agile Based on Syntactic Linguistic Features‚ A Replication Study,EC4 - Is an experience report or replication study,
237,Ochodek M.,"Proceedings - 26th International Workshop on Software Measurement, IWSM 2016 and the 11th International Conference on Software Process and Product Measurement, Mensura 2016",Approximation of COSMIC functional size of scenario-based requirements in agile based on syntactic linguistic features - A replication study,EC4 - Is an experience report or replication study,
238,"Dantas E., Perkusich M., Dilorenzo E., Santos D.F.S., Almeida H., Perkusich A.","Proceedings of the International Conference on Software Engineering and Knowledge Engineering, SEKE",Effort estimation in agile software development: An updated review,EC4 - Is an experience report or replication study,
239,"Hacaloglu T., Demirors O.",CEUR Workshop Proceedings,Challenges of using software size in agile software development: A systematic literature review,EC4 - Is an experience report or replication study,
240,M. Abadeer; M. Sabetzadeh,2021 IEEE 29th International Requirements Engineering Conference Workshops (REW),Machine Learning-based Estimation of Story Points in Agile Development: Industrial Experience and Lessons Learned,EC4 - Is an experience report or replication study,
241,R. Litoriya; N. Sharma; A. Kothari,2012 CSI Sixth International Conference on Software Engineering (CONSEG),Incorporating Cost driver substitution to improve the effort using Agile COCOMO II,EC5 - Is an evaluation of the existing effort estimation technique,
242,M. Alshayeb; Wei Li,IEEE Transactions on Software Engineering,An empirical validation of object-oriented metrics in two different iterative software processes,EC5 - Is an evaluation of the existing effort estimation technique,
243,"Kuppuswami S,Vivekanandan K,Ramaswamy P,Rodrigues P",SIGSOFT Softw. Eng. Notes,The Effects of Individual XP Practices on Software Development Effort,EC5 - Is an evaluation of the existing effort estimation technique,
244,Cao L.,"14th Americas Conference on Information Systems, AMCIS 2008",Estimating agile software project effort: An empirical study,EC5 - Is an evaluation of the existing effort estimation technique,
245,"Alves N., Carvalho W., Lamounier E.",SEKE 2010 - Proceedings of the 22nd International Conference on Software Engineering and Knowledge Engineering,Scrum and plan-driven process integration and its impact on effort estimation,EC5 - Is an evaluation of the existing effort estimation technique,
246,Mahnic V,,A Case Study on Agile Estimating and Planning using Scrum,EC5 - Is an evaluation of the existing effort estimation technique,
247,"Mahniƒç V., Hovelja T.",Journal of Systems and Software,On using planning poker for estimating user stories,EC5 - Is an evaluation of the existing effort estimation technique,
248,S. Downey; J. Sutherland,2013 46th Hawaii International Conference on System Sciences,Scrum Metrics for Hyperproductive Teams: How They Fly like Fighter Aircraft,EC5 - Is an evaluation of the existing effort estimation technique,
249,E. Ungan; N. √áizmeli; O. Demir√∂rs,2014 40th EUROMICRO Conference on Software Engineering and Advanced Applications,"Comparison of Functional Size Based Estimation and Story Points, Based on Effort Estimation Effectiveness in SCRUM Projects",EC5 - Is an evaluation of the existing effort estimation technique,
250,R. Goswami; M. Jasuja; S. Dhir,2016 Second International Conference on Computational Intelligence & Communication Technology (CICT),Impact of Different Estimation Approaches in Traditional and Agile Development,EC5 - Is an evaluation of the existing effort estimation technique,
251,"Huijgens H,Bruntink M,van Deursen A,van der Storm T,Vogelezang F",Proceedings of the International Conference on Software and Systems Process,An Exploratory Study on Functional Size Measurement Based on Code,EC5 - Is an evaluation of the existing effort estimation technique,
252,"Satapathy S.M., Rath S.K.",Innovations in Systems and Software Engineering,Empirical assessment of machine learning models for agile software development effort estimation using story points,EC5 - Is an evaluation of the existing effort estimation technique,
253,J. Lopez-Martinez; A. Ramirez-Noriega; R. Juarez-Ramirez; G. Licea; Y. Martinez-Ramirez,2017 5th International Conference in Software Engineering Research and Innovation (CONISOFT),Analysis of Planning Poker Factors between University and Enterprise,EC5 - Is an evaluation of the existing effort estimation technique,
254,H. H. Arifin; J. Daengdej; N. T. Khanh,2017 8th International Workshop on Empirical Software Engineering in Practice (IWESEP),An Empirical Study of Effort-Size and Effort-Time in Expert-Based Estimations,EC5 - Is an evaluation of the existing effort estimation technique,
255,"Tanveer B,Vollmer AM,Braun S",Proceedings of the 2018 International Conference on Software and System Process,A Hybrid Methodology for Effort Estimation in Agile Development: An Industrial Evaluation,EC5 - Is an evaluation of the existing effort estimation technique,
256,"Angara J., Prasad S., Sridevi G.",International Journal of Electrical and Computer Engineering,Towards benchmarking user stories estimation with cosmic function points-a case example of participant observation,EC5 - Is an evaluation of the existing effort estimation technique,
257,T. Hacaloglu; O. Demirors,2019 45th Euromicro Conference on Software Engineering and Advanced Applications (SEAA),Measureability of Functional Size in Agile Software Projects: Multiple Case Studies with COSMIC FSM,EC5 - Is an evaluation of the existing effort estimation technique,
258,T. J. Gandomani; H. Faraji; M. Radnejad,2019 5th Conference on Knowledge Based Engineering and Innovation (KBEI),Planning Poker in cost estimation in Agile methods: Averaging Vs. Consensus,EC5 - Is an evaluation of the existing effort estimation technique,
259,"Ugalde F., Quesada-L√≥pez C., Mart√≠nez A., Jenkins M.","23rd Iberoamerican Conference on Software Engineering, CIbSE 2020",A comparative study on measuring software functional size to support effort estimation in agile,EC5 - Is an evaluation of the existing effort estimation technique,
260,"Kaushik A., Tayal D.K., Yadav K.",Arabian Journal for Science and Engineering,A Comparative Analysis on Effort Estimation for Agile and Non-agile Software Projects Using DBN-ALO,EC5 - Is an evaluation of the existing effort estimation technique,
261,H. √únl√º; T. Hacaloƒülu; O. Leblebici; O. Demir√∂rs,2021 15th Turkish National Software Engineering Symposium (UYMS),Effort Prediction for Microservices: A Case Study,EC5 - Is an evaluation of the existing effort estimation technique,
262,"J√∏rgensen M., Escott E.",Information and Software Technology,"Relative estimates of software development effort: Are they more accurate or less time-consuming to produce than absolute estimates, and to what extent are they person-independent?",EC5 - Is an evaluation of the existing effort estimation technique,
263,"Po≈æenel M., Hovelja T.",International Journal of Engineering Education,A comparison of the planning poker and team estimation game: A case study in software development capstone project course,EC5 - Is an evaluation of the existing effort estimation technique,
264,J. -M. Desharnais; B. Kocaturk; A. Abran,2011 Joint Conference of the 21st International Workshop on Software Measurement and the 6th International Conference on Software Process and Product Measurement,Using the COSMIC Method to Evaluate the Quality of the Documentation of Agile User Stories,QC2 - The techniques or methodologies are not described,
265,"Dhas J.T.M., Bharathi C.R.",Indian Journal of Science and Technology,Risks associated to size estimation of e-commerce system using function point based estimation techniques,QC2 - The techniques or methodologies are not described,
266,"Bhaskaran N.A., Jayaraj V.",International Journal of Engineering and Advanced Technology,A hybrid effort estimation technique for agile software development (HEETAD),"QC3 - The dataset, participants, or case studies of the study are not described",
267,H. K. Sharma; R. Tomar; A. Dumka; M. S. Aswal,2015 1st International Conference on Next Generation Computing Technologies (NGCT),OpenECOCOMO: The algorithms and implementation of Extended Cost Constructive Model (E-COCOMO),"QC3 - The dataset, participants, or case studies of the study are not described",
268,S. K. Khatri; S. Malhotra; P. Johri,"2016 5th International Conference on Reliability, Infocom Technologies and Optimization (Trends and Future Directions) (ICRITO)",Use case point estimation technique in software development,"QC3 - The dataset, participants, or case studies of the study are not described",
269,L. Santillo,2012 Joint Conference of the 22nd International Workshop on Software Measurement and the 2012 Seventh International Conference on Software Process and Product Measurement,Easy Function Points -- 'Smart' Approximation Technique for the IFPUG and COSMIC Methods,"QC3 - The dataset, participants, or case studies of the study are not described",
270,H. Zahraoui; M. A. Janati Idrissi,2015 10th International Conference on Intelligent Systems: Theories and Applications (SITA),Adjusting story points calculation in scrum effort & time estimation,"QC3 - The dataset, participants, or case studies of the study are not described",
271,Tanveer B,Proceedings of the 21st International Conference on Evaluation and Assessment in Software Engineering,Guidelines for Utilizing Change Impact Analysis When Estimating Effort in Agile Software Development,"QC3 - The dataset, participants, or case studies of the study are not described",
272,Radu L.-D.,ICSOFT 2019 - Proceedings of the 14th International Conference on Software Technologies,Effort prediction in agile software development with Bayesian networks,"QC3 - The dataset, participants, or case studies of the study are not described",
273,"Manjula R., Thirumalai Selvi R.",International Journal of Civil Engineering and Technology,Estimating preliminary cost of project with historical usecases in agile to improve productivity,"QC3 - The dataset, participants, or case studies of the study are not described",
274,C. Ratke; H. H. Hoffmann; T. Gaspar; P. E. Floriani,2019 2nd International Conference on Computer Applications & Information Security (ICCAIS),Effort Estimation using Bayesian Networks for Agile Development,"QC3 - The dataset, participants, or case studies of the study are not described",
275,P. Sudarmaningtyas; R. B. Mohamed,"2020 7th International Conference on Information Technology, Computer, and Electrical Engineering (ICITACEE)",Extended Planning Poker: A Proposed Model,"QC3 - The dataset, participants, or case studies of the study are not described",
276,"Butt SA,Misra S,Pineres-Espitia G,Ariza-Colpas P,Sharma MM",Computational Science and Its Applications,A Cost Estimating Method for Agile Software Development,"QC3 - The dataset, participants, or case studies of the study are not described",
277,R. Popli; N. Chauhan,2013 International Conference on Information Systems and Computer Networks,A sprint-point based estimation technique in Scrum,QC4 - The evaluation or validation methods are not described,
278,"Desharnais J.-M., Buglione L., Kocat√ºrk B.",International Conference on Product Focused Software Development and Process Improvement,Using the COSMIC method to estimate Agile User Stories,QC4 - The evaluation or validation methods are not described,
279,M. Owais; R. Ramakishore,2016 Ninth International Conference on Contemporary Computing (IC3),"Effort, duration and cost estimation in agile software development",QC4 - The evaluation or validation methods are not described,
280,R. Popli; N. Chauhan,2014 International Conference on Reliability Optimization and Information Technology (ICROIT),Cost and effort estimation in agile software development,QC4 - The evaluation or validation methods are not described,
281,R. Popli; N. Chauhan,2014 International Conference on Information Systems and Computer Networks (ISCON),Estimation in agile environment using resistance factors,QC4 - The evaluation or validation methods are not described,
282,"Bhalerao S., Ingle M.",International Journal of Computer Science and Applications,Incorporating vital factors in agile estimation through algorithmic method,QC4 - The evaluation or validation methods are not described,
283,M. Hamid; F. Zeshan; A. Ahmad,2021 International Conference on Decision Aid Sciences and Application (DASA),Fuzzy Logic-based Expert System for Effort Estimation in Scrum Projects,QC4 - The evaluation or validation methods are not described,
284,A. Magazinius; R. Feldt,2011 37th EUROMICRO Conference on Software Engineering and Advanced Applications,Confirming Distortional Behaviors in Software Cost Estimation Practice,QC4 - The evaluation or validation methods are not described,
285,R. Popli; N. Chauhan,2014 International Conference on Computing for Sustainable Global Development (INDIACom),Agile estimation using people and project related factors,QC4 - The evaluation or validation methods are not described,
286,A. Saini; L. Ahuja; S. K. Khatri,"2018 7th International Conference on Reliability, Infocom Technologies and Optimization (Trends and Future Directions) (ICRITO)",Effort Estimation of Agile Development using Fuzzy Logic,QC4 - The evaluation or validation methods are not described,
287,F. Raith; I. Richter; R. Lindermeier; G. Klinker,2013 20th Asia-Pacific Software Engineering Conference (APSEC),Identification of Inaccurate Effort Estimates in Agile Software Development,QC5 - The results of the study are described,
288,R. Popli; N. Chauahn,2015 2nd International Conference on Computing for Sustainable Global Development (INDIACom),Managing uncertainty of story-points in Agile software,QC5 - The results of the study are described,